equipment_id,timestamp,temperature_c,vibration_mm_s,pressure_bar,current_a,rpm
AC-001,2026-06-07 19:13:13,75.0,2.11,7.0,42.0,1486
AC-001,2026-06-07 20:13:13,75.2,2.07,6.97,42.1,1481
AC-001,2026-06-07 21:13:13,75.5,1.96,6.93,42.2,1463
AC-001,2026-06-07 22:13:13,75.7,1.91,6.9,42.3,1487
AC-001,2026-06-07 23:13:13,75.9,2.1,6.87,42.4,1474
AC-001,2026-06-08 00:13:13,76.2,2.08,6.84,42.4,1477
AC-001,2026-06-08 01:13:13,76.4,1.99,6.8,42.5,1471
AC-001,2026-06-08 02:13:13,76.7,2.39,6.77,42.6,1494
AC-001,2026-06-08 03:13:13,76.9,2.21,6.74,42.7,1473
AC-001,2026-06-08 04:13:13,77.1,2.32,6.71,42.8,1484
AC-001,2026-06-08 05:13:13,77.4,2.24,6.67,42.9,1481
AC-001,2026-06-08 06:13:13,77.6,2.33,6.64,43.0,1462
AC-001,2026-06-08 07:13:13,77.8,2.1,6.61,43.1,1493
AC-001,2026-06-08 08:13:13,78.1,2.25,6.58,43.2,1479
AC-001,2026-06-08 09:13:13,78.3,1.91,6.54,43.2,1467
AC-001,2026-06-08 10:13:13,78.6,2.14,6.51,43.3,1479
AC-001,2026-06-08 11:13:13,78.8,2.33,6.48,43.4,1489
AC-001,2026-06-08 12:13:13,79.0,1.68,6.45,43.5,1470
AC-001,2026-06-08 13:13:13,79.3,2.34,6.41,43.6,1490
AC-001,2026-06-08 14:13:13,79.5,2.03,6.38,43.7,1491
AC-001,2026-06-08 15:13:13,79.7,2.39,6.35,43.8,1472
AC-001,2026-06-08 16:13:13,80.0,1.7,6.32,43.9,1491
AC-001,2026-06-08 17:13:13,80.2,2.43,6.28,44.0,1470
AC-001,2026-06-08 18:13:13,80.4,1.86,6.25,44.0,1489
AC-001,2026-06-08 19:13:13,80.7,2.26,6.22,44.1,1484
AC-001,2026-06-08 20:13:13,80.9,2.32,6.19,44.2,1476
AC-001,2026-06-08 21:13:13,81.2,2.3,6.15,44.3,1486
AC-001,2026-06-08 22:13:13,81.4,2.42,6.12,44.4,1488
AC-001,2026-06-08 23:13:13,81.6,1.97,6.09,44.5,1477
AC-001,2026-06-09 00:13:13,81.9,2.4,6.06,44.6,1500
AC-001,2026-06-09 01:13:13,82.1,2.23,6.02,44.7,1477
AC-001,2026-06-09 02:13:13,82.3,2.66,5.99,44.8,1490
AC-001,2026-06-09 03:13:13,82.6,2.31,5.96,44.8,1479
AC-001,2026-06-09 04:13:13,82.8,2.47,5.93,44.9,1470
AC-001,2026-06-09 05:13:13,83.0,2.37,5.89,45.0,1495
AC-001,2026-06-09 06:13:13,83.3,2.26,5.86,45.1,1490
AC-001,2026-06-09 07:13:13,83.5,2.38,5.83,45.2,1491
AC-001,2026-06-09 08:13:13,83.8,2.4,5.8,45.3,1470
AC-001,2026-06-09 09:13:13,84.0,2.06,5.76,45.4,1469
AC-001,2026-06-09 10:13:13,84.2,2.42,5.73,45.5,1482
AC-001,2026-06-09 11:13:13,84.5,1.93,5.7,45.6,1479
AC-001,2026-06-09 12:13:13,84.7,2.23,5.67,45.6,1474
AC-001,2026-06-09 13:13:13,84.9,2.54,5.63,45.7,1469
AC-001,2026-06-09 14:13:13,85.2,2.21,5.6,45.8,1478
AC-001,2026-06-09 15:13:13,85.4,2.63,5.57,45.9,1479
AC-001,2026-06-09 16:13:13,85.7,2.41,5.54,46.0,1461
AC-001,2026-06-09 17:13:13,85.9,2.35,5.5,46.1,1463
AC-001,2026-06-09 18:13:13,86.1,2.54,5.47,46.2,1489
AC-001,2026-06-09 19:13:13,86.4,2.24,5.44,46.3,1471
AC-001,2026-06-09 20:13:13,86.6,2.32,5.41,46.3,1487
AC-001,2026-06-09 21:13:13,86.8,2.67,5.37,46.4,1487
AC-001,2026-06-09 22:13:13,87.1,2.49,5.34,46.5,1465
AC-001,2026-06-09 23:13:13,87.3,2.06,5.31,46.6,1462
AC-001,2026-06-10 00:13:13,87.5,2.32,5.28,46.7,1479
AC-001,2026-06-10 01:13:13,87.8,2.21,5.24,46.8,1484
AC-001,2026-06-10 02:13:13,88.0,2.57,5.21,46.9,1487
AC-001,2026-06-10 03:13:13,88.3,2.3,5.18,47.0,1480
AC-001,2026-06-10 04:13:13,88.5,2.65,5.14,47.1,1489
AC-001,2026-06-10 05:13:13,88.7,2.63,5.11,47.1,1479
AC-001,2026-06-10 06:13:13,89.0,2.67,5.08,47.2,1492
AC-001,2026-06-10 07:13:13,89.2,2.69,5.05,47.3,1465
AC-001,2026-06-10 08:13:13,89.4,2.58,5.01,47.4,1487
AC-001,2026-06-10 09:13:13,89.7,2.61,4.98,47.5,1483
AC-001,2026-06-10 10:13:13,89.9,2.65,4.95,47.6,1469
AC-001,2026-06-10 11:13:13,90.1,2.13,4.92,47.7,1486
AC-001,2026-06-10 12:13:13,90.4,2.21,4.88,47.8,1477
AC-001,2026-06-10 13:13:13,90.6,2.73,4.85,47.9,1465
AC-001,2026-06-10 14:13:13,90.9,2.58,4.82,47.9,1481
AC-001,2026-06-10 15:13:13,91.1,2.46,4.79,48.0,1490
AC-001,2026-06-10 16:13:13,91.3,2.63,4.75,48.1,1488
AC-001,2026-06-10 17:13:13,91.6,2.64,4.72,48.2,1471
AC-001,2026-06-10 18:13:13,91.8,2.75,4.69,48.3,1489
AC-001,2026-06-10 19:13:13,92.0,2.69,4.66,48.4,1473
AC-001,2026-06-10 20:13:13,92.3,2.74,4.62,48.5,1497
AC-001,2026-06-10 21:13:13,92.5,2.88,4.59,48.6,1457
AC-001,2026-06-10 22:13:13,92.8,2.69,4.56,48.7,1489
AC-001,2026-06-10 23:13:13,93.0,2.7,4.53,48.7,1470
AC-001,2026-06-11 00:13:13,93.2,2.39,4.49,48.8,1472
AC-001,2026-06-11 01:13:13,93.5,2.59,4.46,48.9,1485
AC-001,2026-06-11 02:13:13,93.7,2.68,4.43,49.0,1477
AC-001,2026-06-11 03:13:13,93.9,2.97,4.4,49.1,1470
AC-001,2026-06-11 04:13:13,94.2,2.58,4.36,49.2,1489
AC-001,2026-06-11 05:13:13,94.4,2.82,4.33,49.3,1478
AC-001,2026-06-11 06:13:13,94.6,2.69,4.3,49.4,1493
AC-001,2026-06-11 07:13:13,94.9,2.66,4.27,49.5,1496
AC-001,2026-06-11 08:13:13,95.1,2.52,4.23,49.5,1484
AC-001,2026-06-11 09:13:13,95.4,2.75,4.2,49.6,1465
AC-001,2026-06-11 10:13:13,95.6,2.69,4.17,49.7,1485
AC-001,2026-06-11 11:13:13,95.8,2.74,4.14,49.8,1469
AC-001,2026-06-11 12:13:13,96.1,2.74,4.1,49.9,1478
AC-001,2026-06-11 13:13:13,96.3,2.36,4.07,50.0,1485
AC-001,2026-06-11 14:13:13,96.5,2.85,4.04,50.1,1483
AC-001,2026-06-11 15:13:13,96.8,2.7,4.01,50.2,1476
AC-001,2026-06-11 16:13:13,97.0,2.73,3.97,50.3,1481
AC-001,2026-06-11 17:13:13,97.2,2.58,3.94,50.3,1463
AC-001,2026-06-11 18:13:13,97.5,2.48,3.91,50.4,1473
AC-001,2026-06-11 19:13:13,97.7,2.52,3.88,50.5,1489
AC-001,2026-06-11 20:13:13,98.0,2.92,3.84,50.6,1472
AC-001,2026-06-11 21:13:13,98.2,3.01,3.81,50.7,1470
AC-001,2026-06-11 22:13:13,98.4,3.23,3.78,50.8,1476
AC-001,2026-06-11 23:13:13,98.7,3.08,3.75,50.9,1480
AC-001,2026-06-12 00:13:13,98.9,2.71,3.71,51.0,1483
AC-001,2026-06-12 01:13:13,99.1,3.22,3.68,51.1,1465
AC-001,2026-06-12 02:13:13,99.4,3.2,3.65,51.1,1478
AC-001,2026-06-12 03:13:13,99.6,2.96,3.62,51.2,1481
AC-001,2026-06-12 04:13:13,99.9,3.13,3.58,51.3,1499
AC-001,2026-06-12 05:13:13,100.1,3.09,3.55,51.4,1475
AC-001,2026-06-12 06:13:13,100.3,3.23,3.52,51.5,1493
AC-001,2026-06-12 07:13:13,100.6,2.86,3.49,51.6,1493
AC-001,2026-06-12 08:13:13,100.8,2.86,3.45,51.7,1464
AC-001,2026-06-12 09:13:13,101.0,3.03,3.42,51.8,1462
AC-001,2026-06-12 10:13:13,101.3,2.89,3.39,51.9,1472
AC-001,2026-06-12 11:13:13,101.5,3.18,3.36,51.9,1480
AC-001,2026-06-12 12:13:13,101.7,3.22,3.32,52.0,1488
AC-001,2026-06-12 13:13:13,102.0,2.8,3.29,52.1,1478
AC-001,2026-06-12 14:13:13,102.2,2.98,3.26,52.2,1469
AC-001,2026-06-12 15:13:13,102.5,3.03,3.22,52.3,1474
AC-001,2026-06-12 16:13:13,102.7,3.11,3.19,52.4,1479
AC-001,2026-06-12 17:13:13,102.9,2.85,3.16,52.5,1470
AC-001,2026-06-12 18:13:13,103.2,2.99,3.13,52.6,1465
AC-001,2026-06-12 19:13:13,103.4,3.05,3.09,52.7,1489
AC-001,2026-06-12 20:13:13,103.6,3.02,3.06,52.7,1486
AC-001,2026-06-12 21:13:13,103.9,3.01,3.03,52.8,1480
AC-001,2026-06-12 22:13:13,104.1,3.11,3.0,52.9,1471
AC-001,2026-06-12 23:13:13,104.3,3.21,2.96,53.0,1467
AC-001,2026-06-13 00:13:13,104.6,2.64,2.93,53.1,1477
AC-001,2026-06-13 01:13:13,104.8,3.18,2.9,53.2,1469
AC-001,2026-06-13 02:13:13,105.1,3.13,2.87,53.3,1475
AC-001,2026-06-13 03:13:13,105.3,2.85,2.83,53.4,1482
AC-001,2026-06-13 04:13:13,105.5,3.27,2.8,53.4,1473
AC-001,2026-06-13 05:13:13,105.8,3.02,2.77,53.5,1480
AC-001,2026-06-13 06:13:13,106.0,3.24,2.74,53.6,1484
AC-001,2026-06-13 07:13:13,106.2,3.37,2.7,53.7,1470
AC-001,2026-06-13 08:13:13,106.5,3.15,2.67,53.8,1476
AC-001,2026-06-13 09:13:13,106.7,3.59,2.64,53.9,1498
AC-001,2026-06-13 10:13:13,107.0,3.15,2.61,54.0,1489
AC-001,2026-06-13 11:13:13,107.2,3.0,2.57,54.1,1474
AC-001,2026-06-13 12:13:13,107.4,3.4,2.54,54.2,1476
AC-001,2026-06-13 13:13:13,107.7,3.45,2.51,54.2,1481
AC-001,2026-06-13 14:13:13,107.9,3.43,2.48,54.3,1477
AC-001,2026-06-13 15:13:13,108.1,3.38,2.44,54.4,1500
AC-001,2026-06-13 16:13:13,108.4,3.25,2.41,54.5,1480
AC-001,2026-06-13 17:13:13,108.6,3.3,2.38,54.6,1468
AC-001,2026-06-13 18:13:13,108.8,3.48,2.35,54.7,1468
AC-001,2026-06-13 19:13:13,109.1,3.75,2.31,54.8,1492
AC-001,2026-06-13 20:13:13,109.3,3.23,2.28,54.9,1477
AC-001,2026-06-13 21:13:13,109.6,3.3,2.25,55.0,1486
AC-001,2026-06-13 22:13:13,109.8,3.64,2.22,55.0,1470
AC-001,2026-06-13 23:13:13,110.0,3.25,2.18,55.1,1474
AC-001,2026-06-14 00:13:13,110.3,3.3,2.15,55.2,1483
AC-001,2026-06-14 01:13:13,110.5,3.36,2.12,55.3,1487
AC-001,2026-06-14 02:13:13,110.7,3.66,2.09,55.4,1464
AC-001,2026-06-14 03:13:13,111.0,3.3,2.05,55.5,1470
AC-001,2026-06-14 04:13:13,111.2,3.64,2.02,55.6,1482
AC-001,2026-06-14 05:13:13,111.4,3.16,1.99,55.7,1475
AC-001,2026-06-14 06:13:13,111.7,3.51,1.96,55.8,1479
AC-001,2026-06-14 07:13:13,111.9,3.03,1.92,55.8,1473
AC-001,2026-06-14 08:13:13,112.2,3.5,1.89,55.9,1474
AC-001,2026-06-14 09:13:13,112.4,3.28,1.86,56.0,1484
AC-001,2026-06-14 10:13:13,112.6,3.36,1.83,56.1,1471
AC-001,2026-06-14 11:13:13,112.9,3.53,1.79,56.2,1473
AC-001,2026-06-14 12:13:13,113.1,3.2,1.76,56.3,1472
AC-001,2026-06-14 13:13:13,113.3,3.49,1.73,56.4,1499
AC-001,2026-06-14 14:13:13,113.6,3.1,1.7,56.5,1477
AC-001,2026-06-14 15:13:13,113.8,3.3,1.66,56.6,1491
AC-001,2026-06-14 16:13:13,114.1,3.48,1.63,56.6,1470
AC-001,2026-06-14 17:13:13,114.3,3.5,1.6,56.7,1486
AC-001,2026-06-14 18:13:13,114.5,3.6,1.57,56.8,1462
AC-001,2026-06-14 19:13:13,114.8,3.33,1.53,56.9,1468
AC-002,2026-06-07 19:13:13,75.0,1.95,7.0,42.0,1495
AC-002,2026-06-07 20:13:13,75.1,2.16,6.99,42.0,1465
AC-002,2026-06-07 21:13:13,75.2,2.01,6.98,42.1,1472
AC-002,2026-06-07 22:13:13,75.3,1.71,6.97,42.1,1480
AC-002,2026-06-07 23:13:13,75.4,2.29,6.96,42.2,1482
AC-002,2026-06-08 00:13:13,75.4,1.87,6.96,42.2,1474
AC-002,2026-06-08 01:13:13,75.5,2.34,6.95,42.3,1475
AC-002,2026-06-08 02:13:13,75.6,1.83,6.94,42.3,1502
AC-002,2026-06-08 03:13:13,75.7,2.26,6.93,42.4,1478
AC-002,2026-06-08 04:13:13,75.8,2.02,6.92,42.4,1503
AC-002,2026-06-08 05:13:13,75.9,1.88,6.91,42.5,1490
AC-002,2026-06-08 06:13:13,76.0,1.95,6.9,42.5,1476
AC-002,2026-06-08 07:13:13,76.1,2.07,6.89,42.6,1464
AC-002,2026-06-08 08:13:13,76.2,2.24,6.88,42.6,1495
AC-002,2026-06-08 09:13:13,76.2,2.25,6.88,42.7,1480
AC-002,2026-06-08 10:13:13,76.3,1.97,6.87,42.7,1463
AC-002,2026-06-08 11:13:13,76.4,1.95,6.86,42.8,1483
AC-002,2026-06-08 12:13:13,76.5,1.95,6.85,42.8,1489
AC-002,2026-06-08 13:13:13,76.6,2.13,6.84,42.9,1486
AC-002,2026-06-08 14:13:13,76.7,2.15,6.83,42.9,1484
AC-002,2026-06-08 15:13:13,76.8,2.0,6.82,42.9,1475
AC-002,2026-06-08 16:13:13,76.9,1.98,6.81,43.0,1492
AC-002,2026-06-08 17:13:13,77.0,2.33,6.8,43.0,1463
AC-002,2026-06-08 18:13:13,77.0,1.96,6.8,43.1,1477
AC-002,2026-06-08 19:13:13,77.1,1.99,6.79,43.1,1496
AC-002,2026-06-08 20:13:13,77.2,2.13,6.78,43.2,1487
AC-002,2026-06-08 21:13:13,77.3,1.99,6.77,43.2,1488
AC-002,2026-06-08 22:13:13,77.4,1.81,6.76,43.3,1487
AC-002,2026-06-08 23:13:13,77.5,2.06,6.75,43.3,1475
AC-002,2026-06-09 00:13:13,77.6,2.17,6.74,43.4,1495
AC-002,2026-06-09 01:13:13,77.7,2.04,6.73,43.4,1489
AC-002,2026-06-09 02:13:13,77.8,1.82,6.72,43.5,1493
AC-002,2026-06-09 03:13:13,77.8,2.02,6.72,43.5,1474
AC-002,2026-06-09 04:13:13,77.9,2.07,6.71,43.6,1478
AC-002,2026-06-09 05:13:13,78.0,2.08,6.7,43.6,1495
AC-002,2026-06-09 06:13:13,78.1,2.04,6.69,43.7,1499
AC-002,2026-06-09 07:13:13,78.2,2.06,6.68,43.7,1478
AC-002,2026-06-09 08:13:13,78.3,2.14,6.67,43.8,1484
AC-002,2026-06-09 09:13:13,78.4,1.96,6.66,43.8,1467
AC-002,2026-06-09 10:13:13,78.5,2.19,6.65,43.8,1488
AC-002,2026-06-09 11:13:13,78.6,2.32,6.64,43.9,1490
AC-002,2026-06-09 12:13:13,78.6,2.2,6.64,43.9,1495
AC-002,2026-06-09 13:13:13,78.7,2.14,6.63,44.0,1492
AC-002,2026-06-09 14:13:13,78.8,2.42,6.62,44.0,1463
AC-002,2026-06-09 15:13:13,78.9,2.37,6.61,44.1,1491
AC-002,2026-06-09 16:13:13,79.0,2.35,6.6,44.1,1479
AC-002,2026-06-09 17:13:13,79.1,2.26,6.59,44.2,1501
AC-002,2026-06-09 18:13:13,79.2,2.22,6.58,44.2,1494
AC-002,2026-06-09 19:13:13,79.3,2.23,6.57,44.3,1491
AC-002,2026-06-09 20:13:13,79.3,2.04,6.57,44.3,1476
AC-002,2026-06-09 21:13:13,79.4,2.09,6.56,44.4,1480
AC-002,2026-06-09 22:13:13,79.5,2.39,6.55,44.4,1488
AC-002,2026-06-09 23:13:13,79.6,2.37,6.54,44.5,1464
AC-002,2026-06-10 00:13:13,79.7,2.29,6.53,44.5,1480
AC-002,2026-06-10 01:13:13,79.8,2.43,6.52,44.6,1473
AC-002,2026-06-10 02:13:13,79.9,2.36,6.51,44.6,1479
AC-002,2026-06-10 03:13:13,80.0,2.25,6.5,44.7,1469
AC-002,2026-06-10 04:13:13,80.1,2.29,6.49,44.7,1500
AC-002,2026-06-10 05:13:13,80.1,2.16,6.49,44.7,1478
AC-002,2026-06-10 06:13:13,80.2,2.45,6.48,44.8,1482
AC-002,2026-06-10 07:13:13,80.3,2.29,6.47,44.8,1495
AC-002,2026-06-10 08:13:13,80.4,2.19,6.46,44.9,1485
AC-002,2026-06-10 09:13:13,80.5,2.51,6.45,44.9,1470
AC-002,2026-06-10 10:13:13,80.6,2.33,6.44,45.0,1466
AC-002,2026-06-10 11:13:13,80.7,2.51,6.43,45.0,1488
AC-002,2026-06-10 12:13:13,80.8,2.12,6.42,45.1,1487
AC-002,2026-06-10 13:13:13,80.9,2.39,6.41,45.1,1489
AC-002,2026-06-10 14:13:13,80.9,2.23,6.41,45.2,1472
AC-002,2026-06-10 15:13:13,81.0,2.09,6.4,45.2,1474
AC-002,2026-06-10 16:13:13,81.1,2.42,6.39,45.3,1470
AC-002,2026-06-10 17:13:13,81.2,2.08,6.38,45.3,1464
AC-002,2026-06-10 18:13:13,81.3,2.5,6.37,45.4,1480
AC-002,2026-06-10 19:13:13,81.4,2.08,6.36,45.4,1485
AC-002,2026-06-10 20:13:13,81.5,2.42,6.35,45.5,1476
AC-002,2026-06-10 21:13:13,81.6,2.36,6.34,45.5,1493
AC-002,2026-06-10 22:13:13,81.7,2.51,6.33,45.6,1481
AC-002,2026-06-10 23:13:13,81.7,2.39,6.33,45.6,1487
AC-002,2026-06-11 00:13:13,81.8,2.43,6.32,45.6,1478
AC-002,2026-06-11 01:13:13,81.9,2.27,6.31,45.7,1481
AC-002,2026-06-11 02:13:13,82.0,2.51,6.3,45.7,1491
AC-002,2026-06-11 03:13:13,82.1,2.28,6.29,45.8,1486
AC-002,2026-06-11 04:13:13,82.2,2.14,6.28,45.8,1476
AC-002,2026-06-11 05:13:13,82.3,2.37,6.27,45.9,1469
AC-002,2026-06-11 06:13:13,82.4,2.33,6.26,45.9,1474
AC-002,2026-06-11 07:13:13,82.5,2.09,6.25,46.0,1494
AC-002,2026-06-11 08:13:13,82.5,2.23,6.25,46.0,1505
AC-002,2026-06-11 09:13:13,82.6,2.13,6.24,46.1,1489
AC-002,2026-06-11 10:13:13,82.7,2.4,6.23,46.1,1472
AC-002,2026-06-11 11:13:13,82.8,2.36,6.22,46.2,1493
AC-002,2026-06-11 12:13:13,82.9,2.42,6.21,46.2,1492
AC-002,2026-06-11 13:13:13,83.0,2.33,6.2,46.3,1477
AC-002,2026-06-11 14:13:13,83.1,2.46,6.19,46.3,1491
AC-002,2026-06-11 15:13:13,83.2,2.33,6.18,46.4,1484
AC-002,2026-06-11 16:13:13,83.3,2.57,6.17,46.4,1458
AC-002,2026-06-11 17:13:13,83.3,2.35,6.17,46.4,1465
AC-002,2026-06-11 18:13:13,83.4,2.13,6.16,46.5,1485
AC-002,2026-06-11 19:13:13,83.5,2.52,6.15,46.5,1485
AC-002,2026-06-11 20:13:13,83.6,2.59,6.14,46.6,1481
AC-002,2026-06-11 21:13:13,83.7,2.33,6.13,46.6,1472
AC-002,2026-06-11 22:13:13,83.8,2.7,6.12,46.7,1493
AC-002,2026-06-11 23:13:13,83.9,2.83,6.11,46.7,1483
AC-002,2026-06-12 00:13:13,84.0,2.46,6.1,46.8,1482
AC-002,2026-06-12 01:13:13,84.1,2.22,6.09,46.8,1473
AC-002,2026-06-12 02:13:13,84.1,2.33,6.09,46.9,1480
AC-002,2026-06-12 03:13:13,84.2,2.41,6.08,46.9,1471
AC-002,2026-06-12 04:13:13,84.3,2.5,6.07,47.0,1492
AC-002,2026-06-12 05:13:13,84.4,2.49,6.06,47.0,1489
AC-002,2026-06-12 06:13:13,84.5,2.52,6.05,47.1,1471
AC-002,2026-06-12 07:13:13,84.6,2.4,6.04,47.1,1474
AC-002,2026-06-12 08:13:13,84.7,2.53,6.03,47.2,1472
AC-002,2026-06-12 09:13:13,84.8,2.49,6.02,47.2,1470
AC-002,2026-06-12 10:13:13,84.9,2.59,6.01,47.3,1489
AC-002,2026-06-12 11:13:13,84.9,2.72,6.01,47.3,1481
AC-002,2026-06-12 12:13:13,85.0,2.42,6.0,47.3,1497
AC-002,2026-06-12 13:13:13,85.1,2.91,5.99,47.4,1473
AC-002,2026-06-12 14:13:13,85.2,2.55,5.98,47.4,1488
AC-002,2026-06-12 15:13:13,85.3,2.26,5.97,47.5,1481
AC-002,2026-06-12 16:13:13,85.4,2.55,5.96,47.5,1481
AC-002,2026-06-12 17:13:13,85.5,2.52,5.95,47.6,1478
AC-002,2026-06-12 18:13:13,85.6,2.35,5.94,47.6,1485
AC-002,2026-06-12 19:13:13,85.7,2.43,5.93,47.7,1468
AC-002,2026-06-12 20:13:13,85.7,2.84,5.93,47.7,1465
AC-002,2026-06-12 21:13:13,85.8,2.62,5.92,47.8,1472
AC-002,2026-06-12 22:13:13,85.9,2.26,5.91,47.8,1497
AC-002,2026-06-12 23:13:13,86.0,2.68,5.9,47.9,1476
AC-002,2026-06-13 00:13:13,86.1,2.74,5.89,47.9,1487
AC-002,2026-06-13 01:13:13,86.2,2.58,5.88,48.0,1483
AC-002,2026-06-13 02:13:13,86.3,2.81,5.87,48.0,1497
AC-002,2026-06-13 03:13:13,86.4,2.51,5.86,48.1,1455
AC-002,2026-06-13 04:13:13,86.4,2.78,5.86,48.1,1466
AC-002,2026-06-13 05:13:13,86.5,2.59,5.85,48.2,1490
AC-002,2026-06-13 06:13:13,86.6,2.76,5.84,48.2,1477
AC-002,2026-06-13 07:13:13,86.7,2.74,5.83,48.2,1473
AC-002,2026-06-13 08:13:13,86.8,2.69,5.82,48.3,1466
AC-002,2026-06-13 09:13:13,86.9,2.44,5.81,48.3,1486
AC-002,2026-06-13 10:13:13,87.0,2.54,5.8,48.4,1477
AC-002,2026-06-13 11:13:13,87.1,2.62,5.79,48.4,1472
AC-002,2026-06-13 12:13:13,87.2,2.35,5.78,48.5,1474
AC-002,2026-06-13 13:13:13,87.2,2.53,5.78,48.5,1489
AC-002,2026-06-13 14:13:13,87.3,2.73,5.77,48.6,1476
AC-002,2026-06-13 15:13:13,87.4,2.5,5.76,48.6,1471
AC-002,2026-06-13 16:13:13,87.5,2.82,5.75,48.7,1499
AC-002,2026-06-13 17:13:13,87.6,2.63,5.74,48.7,1498
AC-002,2026-06-13 18:13:13,87.7,2.67,5.73,48.8,1475
AC-002,2026-06-13 19:13:13,87.8,2.91,5.72,48.8,1471
AC-002,2026-06-13 20:13:13,87.9,2.72,5.71,48.9,1482
AC-002,2026-06-13 21:13:13,88.0,2.76,5.7,48.9,1491
AC-002,2026-06-13 22:13:13,88.0,2.75,5.7,49.0,1492
AC-002,2026-06-13 23:13:13,88.1,2.8,5.69,49.0,1481
AC-002,2026-06-14 00:13:13,88.2,2.69,5.68,49.1,1476
AC-002,2026-06-14 01:13:13,88.3,2.89,5.67,49.1,1464
AC-002,2026-06-14 02:13:13,88.4,2.58,5.66,49.1,1481
AC-002,2026-06-14 03:13:13,88.5,2.76,5.65,49.2,1465
AC-002,2026-06-14 04:13:13,88.6,2.86,5.64,49.2,1499
AC-002,2026-06-14 05:13:13,88.7,2.47,5.63,49.3,1498
AC-002,2026-06-14 06:13:13,88.8,2.63,5.62,49.3,1479
AC-002,2026-06-14 07:13:13,88.8,2.54,5.62,49.4,1477
AC-002,2026-06-14 08:13:13,88.9,2.78,5.61,49.4,1494
AC-002,2026-06-14 09:13:13,89.0,2.6,5.6,49.5,1482
AC-002,2026-06-14 10:13:13,89.1,2.7,5.59,49.5,1476
AC-002,2026-06-14 11:13:13,89.2,2.75,5.58,49.6,1495
AC-002,2026-06-14 12:13:13,89.3,2.83,5.57,49.6,1472
AC-002,2026-06-14 13:13:13,89.4,2.68,5.56,49.7,1478
AC-002,2026-06-14 14:13:13,89.5,2.65,5.55,49.7,1464
AC-002,2026-06-14 15:13:13,89.6,2.96,5.54,49.8,1481
AC-002,2026-06-14 16:13:13,89.6,2.84,5.54,49.8,1494
AC-002,2026-06-14 17:13:13,89.7,2.85,5.53,49.9,1472
AC-002,2026-06-14 18:13:13,89.8,2.84,5.52,49.9,1492
AC-002,2026-06-14 19:13:13,89.9,2.95,5.51,50.0,1487
CF-003,2026-06-07 19:13:13,57.1,1.13,0.0,12.5,1446
CF-003,2026-06-07 20:13:13,48.8,1.73,0.0,11.8,1444
CF-003,2026-06-07 21:13:13,57.9,1.22,0.0,10.4,1458
CF-003,2026-06-07 22:13:13,57.3,1.76,0.25,12.9,1457
CF-003,2026-06-07 23:13:13,56.7,0.83,0.09,13.4,1443
CF-003,2026-06-08 00:13:13,56.2,1.19,0.0,9.5,1443
CF-003,2026-06-08 01:13:13,48.9,1.7,0.0,12.8,1441
CF-003,2026-06-08 02:13:13,56.4,1.23,0.03,16.0,1437
CF-003,2026-06-08 03:13:13,56.9,1.77,0.0,13.5,1435
CF-003,2026-06-08 04:13:13,50.5,1.57,0.0,13.3,1451
CF-003,2026-06-08 05:13:13,57.6,1.53,0.19,10.2,1437
CF-003,2026-06-08 06:13:13,55.9,1.25,0.15,11.7,1448
CF-003,2026-06-08 07:13:13,53.9,1.73,0.0,11.3,1465
CF-003,2026-06-08 08:13:13,56.4,1.49,0.0,11.8,1438
CF-003,2026-06-08 09:13:13,60.8,1.44,0.0,9.2,1446
CF-003,2026-06-08 10:13:13,58.0,1.36,0.0,11.2,1448
CF-003,2026-06-08 11:13:13,55.1,1.6,0.0,12.4,1467
CF-003,2026-06-08 12:13:13,51.8,1.52,0.5,8.6,1445
CF-003,2026-06-08 13:13:13,56.4,1.57,0.23,14.1,1462
CF-003,2026-06-08 14:13:13,56.6,1.4,0.01,10.8,1465
CF-003,2026-06-08 15:13:13,57.8,1.72,0.0,6.7,1430
CF-003,2026-06-08 16:13:13,52.8,1.59,0.35,14.0,1453
CF-003,2026-06-08 17:13:13,55.3,1.39,0.57,11.5,1453
CF-003,2026-06-08 18:13:13,52.2,1.59,0.0,13.9,1437
CF-003,2026-06-08 19:13:13,54.6,1.68,0.26,12.0,1433
CF-003,2026-06-08 20:13:13,54.8,1.32,0.0,10.9,1451
CF-003,2026-06-08 21:13:13,57.3,1.42,0.03,15.0,1446
CF-003,2026-06-08 22:13:13,56.8,1.42,0.0,5.6,1466
CF-003,2026-06-08 23:13:13,55.6,1.48,0.18,10.7,1441
CF-003,2026-06-09 00:13:13,53.7,1.41,0.0,12.7,1430
CF-003,2026-06-09 01:13:13,58.8,1.59,0.0,7.5,1460
CF-003,2026-06-09 02:13:13,53.2,1.72,0.0,11.3,1470
CF-003,2026-06-09 03:13:13,48.9,1.64,0.39,10.3,1449
CF-003,2026-06-09 04:13:13,55.0,1.82,0.0,14.2,1450
CF-003,2026-06-09 05:13:13,58.6,1.55,0.0,11.8,1458
CF-003,2026-06-09 06:13:13,52.7,1.76,0.3,15.1,1444
CF-003,2026-06-09 07:13:13,48.7,1.78,0.0,11.7,1452
CF-003,2026-06-09 08:13:13,60.5,1.45,0.0,15.7,1457
CF-003,2026-06-09 09:13:13,55.8,1.65,0.11,13.6,1461
CF-003,2026-06-09 10:13:13,61.8,1.5,0.12,14.6,1447
CF-003,2026-06-09 11:13:13,51.7,1.92,0.05,11.3,1450
CF-003,2026-06-09 12:13:13,53.1,1.52,0.0,13.0,1467
CF-003,2026-06-09 13:13:13,61.0,1.58,0.19,14.9,1455
CF-003,2026-06-09 14:13:13,60.4,1.35,0.12,12.2,1443
CF-003,2026-06-09 15:13:13,57.7,1.39,0.0,13.1,1434
CF-003,2026-06-09 16:13:13,50.0,1.67,0.04,15.9,1442
CF-003,2026-06-09 17:13:13,59.4,1.6,0.0,9.7,1454
CF-003,2026-06-09 18:13:13,54.9,1.54,0.11,14.7,1458
CF-003,2026-06-09 19:13:13,59.1,1.5,0.0,14.9,1440
CF-003,2026-06-09 20:13:13,55.3,1.73,0.0,10.7,1466
CF-003,2026-06-09 21:13:13,51.9,1.82,0.01,8.9,1443
CF-003,2026-06-09 22:13:13,57.1,1.56,0.2,10.6,1441
CF-003,2026-06-09 23:13:13,52.1,1.75,0.14,13.1,1431
CF-003,2026-06-10 00:13:13,60.8,1.57,0.0,11.1,1444
CF-003,2026-06-10 01:13:13,56.8,1.72,0.11,10.6,1451
CF-003,2026-06-10 02:13:13,55.5,1.67,0.15,12.3,1427
CF-003,2026-06-10 03:13:13,56.0,1.53,0.09,11.8,1448
CF-003,2026-06-10 04:13:13,51.1,1.55,0.0,11.1,1455
CF-003,2026-06-10 05:13:13,57.0,1.95,0.0,12.0,1451
CF-003,2026-06-10 06:13:13,57.9,1.45,0.1,12.1,1448
CF-003,2026-06-10 07:13:13,54.3,1.75,0.0,14.0,1449
CF-003,2026-06-10 08:13:13,57.0,1.17,0.29,11.3,1446
CF-003,2026-06-10 09:13:13,52.6,1.58,0.12,9.9,1442
CF-003,2026-06-10 10:13:13,59.6,1.83,0.0,12.7,1453
CF-003,2026-06-10 11:13:13,50.4,1.72,0.0,10.7,1451
CF-003,2026-06-10 12:13:13,59.2,1.72,0.0,6.5,1454
CF-003,2026-06-10 13:13:13,53.0,1.64,0.3,11.1,1456
CF-003,2026-06-10 14:13:13,57.9,1.26,0.26,15.6,1440
CF-003,2026-06-10 15:13:13,60.2,1.37,0.1,9.0,1439
CF-003,2026-06-10 16:13:13,61.3,1.88,0.0,11.4,1459
CF-003,2026-06-10 17:13:13,53.2,1.57,0.06,15.9,1443
CF-003,2026-06-10 18:13:13,54.7,1.84,0.43,12.7,1462
CF-003,2026-06-10 19:13:13,55.5,1.37,0.58,13.7,1452
CF-003,2026-06-10 20:13:13,57.4,1.66,0.51,14.7,1460
CF-003,2026-06-10 21:13:13,55.8,1.69,0.0,13.5,1454
CF-003,2026-06-10 22:13:13,60.3,1.36,0.0,12.2,1450
CF-003,2026-06-10 23:13:13,61.0,1.92,0.0,8.1,1446
CF-003,2026-06-11 00:13:13,57.5,1.49,0.21,10.6,1455
CF-003,2026-06-11 01:13:13,62.6,1.43,0.21,10.0,1459
CF-003,2026-06-11 02:13:13,59.3,1.85,0.0,10.9,1430
CF-003,2026-06-11 03:13:13,55.5,1.45,0.2,9.7,1464
CF-003,2026-06-11 04:13:13,55.1,1.78,0.0,13.5,1422
CF-003,2026-06-11 05:13:13,56.4,1.41,0.23,13.9,1435
CF-003,2026-06-11 06:13:13,51.9,2.09,0.01,9.6,1441
CF-003,2026-06-11 07:13:13,61.8,1.76,0.38,14.8,1445
CF-003,2026-06-11 08:13:13,56.9,1.51,0.23,14.6,1453
CF-003,2026-06-11 09:13:13,55.9,1.71,0.0,9.3,1446
CF-003,2026-06-11 10:13:13,51.4,1.47,0.06,13.4,1458
CF-003,2026-06-11 11:13:13,57.7,1.44,0.0,11.3,1431
CF-003,2026-06-11 12:13:13,59.5,1.2,0.0,8.9,1445
CF-003,2026-06-11 13:13:13,56.5,1.82,0.37,13.1,1438
CF-003,2026-06-11 14:13:13,59.0,1.3,0.74,12.5,1464
CF-003,2026-06-11 15:13:13,57.1,1.82,0.4,13.9,1440
CF-003,2026-06-11 16:13:13,58.5,2.02,0.0,13.6,1448
CF-003,2026-06-11 17:13:13,61.8,1.62,0.36,11.4,1438
CF-003,2026-06-11 18:13:13,62.3,1.87,0.3,11.6,1463
CF-003,2026-06-11 19:13:13,60.2,1.79,0.0,13.1,1438
CF-003,2026-06-11 20:13:13,56.4,1.77,0.0,14.1,1427
CF-003,2026-06-11 21:13:13,63.6,1.81,0.05,11.2,1448
CF-003,2026-06-11 22:13:13,54.0,1.59,0.49,11.9,1453
CF-003,2026-06-11 23:13:13,57.4,1.72,0.26,8.5,1442
CF-003,2026-06-12 00:13:13,66.4,1.29,0.61,10.4,1457
CF-003,2026-06-12 01:13:13,53.8,1.69,0.0,10.4,1447
CF-003,2026-06-12 02:13:13,60.8,1.83,0.3,9.6,1455
CF-003,2026-06-12 03:13:13,59.4,2.01,0.0,11.8,1427
CF-003,2026-06-12 04:13:13,58.8,1.43,0.2,12.6,1448
CF-003,2026-06-12 05:13:13,60.3,1.22,0.0,7.9,1450
CF-003,2026-06-12 06:13:13,58.6,2.0,0.12,8.7,1450
CF-003,2026-06-12 07:13:13,61.9,1.78,0.47,10.2,1458
CF-003,2026-06-12 08:13:13,56.7,1.66,0.19,13.7,1429
CF-003,2026-06-12 09:13:13,59.4,1.93,0.0,13.0,1451
CF-003,2026-06-12 10:13:13,52.5,1.74,0.0,13.6,1456
CF-003,2026-06-12 11:13:13,54.2,1.81,0.0,13.3,1444
CF-003,2026-06-12 12:13:13,59.7,1.5,0.14,10.4,1457
CF-003,2026-06-12 13:13:13,58.3,1.82,0.05,12.1,1452
CF-003,2026-06-12 14:13:13,54.8,1.57,0.0,10.8,1452
CF-003,2026-06-12 15:13:13,61.0,1.9,0.0,15.8,1461
CF-003,2026-06-12 16:13:13,58.3,1.77,0.01,10.9,1449
CF-003,2026-06-12 17:13:13,55.9,1.69,0.0,12.5,1450
CF-003,2026-06-12 18:13:13,55.4,1.94,0.0,10.6,1459
CF-003,2026-06-12 19:13:13,60.4,1.96,0.0,11.0,1447
CF-003,2026-06-12 20:13:13,57.3,1.8,0.0,13.4,1443
CF-003,2026-06-12 21:13:13,55.3,1.38,0.49,8.8,1448
CF-003,2026-06-12 22:13:13,59.3,1.72,0.39,15.3,1446
CF-003,2026-06-12 23:13:13,62.7,1.45,0.28,15.2,1449
CF-003,2026-06-13 00:13:13,56.6,1.4,0.11,12.9,1441
CF-003,2026-06-13 01:13:13,55.1,1.56,0.0,14.4,1462
CF-003,2026-06-13 02:13:13,61.8,1.71,0.0,15.8,1448
CF-003,2026-06-13 03:13:13,63.7,1.77,0.0,13.4,1458
CF-003,2026-06-13 04:13:13,57.2,1.61,0.21,11.9,1443
CF-003,2026-06-13 05:13:13,64.3,2.07,0.0,10.2,1435
CF-003,2026-06-13 06:13:13,59.0,1.36,0.0,9.3,1444
CF-003,2026-06-13 07:13:13,56.0,1.78,0.18,10.2,1430
CF-003,2026-06-13 08:13:13,59.9,1.89,0.0,11.6,1467
CF-003,2026-06-13 09:13:13,61.4,1.85,0.13,12.9,1443
CF-003,2026-06-13 10:13:13,60.3,1.72,0.1,10.1,1449
CF-003,2026-06-13 11:13:13,54.2,1.82,0.15,12.1,1446
CF-003,2026-06-13 12:13:13,57.8,1.43,0.0,10.3,1427
CF-003,2026-06-13 13:13:13,58.0,1.49,0.08,11.7,1428
CF-003,2026-06-13 14:13:13,61.3,1.93,0.19,9.0,1448
CF-003,2026-06-13 15:13:13,55.9,1.85,0.4,12.2,1452
CF-003,2026-06-13 16:13:13,55.4,1.93,0.0,11.7,1462
CF-003,2026-06-13 17:13:13,57.7,2.25,0.1,10.5,1453
CF-003,2026-06-13 18:13:13,64.5,1.39,0.43,10.4,1456
CF-003,2026-06-13 19:13:13,56.2,2.23,0.37,14.2,1452
CF-003,2026-06-13 20:13:13,58.1,1.84,0.0,10.8,1452
CF-003,2026-06-13 21:13:13,56.0,1.78,0.0,11.4,1458
CF-003,2026-06-13 22:13:13,57.9,2.17,0.27,15.0,1460
CF-003,2026-06-13 23:13:13,55.9,1.77,0.0,11.1,1453
CF-003,2026-06-14 00:13:13,62.7,1.79,0.0,12.5,1459
CF-003,2026-06-14 01:13:13,54.3,1.65,0.0,14.3,1441
CF-003,2026-06-14 02:13:13,56.7,1.81,0.0,10.3,1447
CF-003,2026-06-14 03:13:13,57.4,1.45,0.0,12.2,1463
CF-003,2026-06-14 04:13:13,63.9,1.65,0.05,10.0,1450
CF-003,2026-06-14 05:13:13,58.8,1.94,0.31,13.3,1451
CF-003,2026-06-14 06:13:13,62.0,1.88,0.67,16.0,1444
CF-003,2026-06-14 07:13:13,57.5,2.02,0.0,13.0,1459
CF-003,2026-06-14 08:13:13,61.0,1.77,0.06,14.9,1447
CF-003,2026-06-14 09:13:13,61.8,1.86,0.15,7.5,1459
CF-003,2026-06-14 10:13:13,53.6,1.94,0.39,11.9,1455
CF-003,2026-06-14 11:13:13,62.6,1.41,0.2,9.4,1435
CF-003,2026-06-14 12:13:13,65.2,1.83,0.0,8.7,1455
CF-003,2026-06-14 13:13:13,62.9,1.95,0.14,13.3,1474
CF-003,2026-06-14 14:13:13,59.4,1.9,0.32,10.7,1469
CF-003,2026-06-14 15:13:13,63.6,1.71,0.31,13.4,1457
CF-003,2026-06-14 16:13:13,59.2,1.81,0.27,12.6,1449
CF-003,2026-06-14 17:13:13,63.5,1.66,0.14,12.8,1444
CF-003,2026-06-14 18:13:13,60.7,1.42,0.0,13.4,1450
CF-003,2026-06-14 19:13:13,63.1,1.94,0.13,10.0,1445
RM-005,2026-06-07 19:13:13,90.3,3.55,179.74,196.1,0
RM-005,2026-06-07 20:13:13,88.4,3.59,179.81,199.1,0
RM-005,2026-06-07 21:13:13,88.9,3.47,179.5,197.9,0
RM-005,2026-06-07 22:13:13,93.8,3.63,179.7,200.6,0
RM-005,2026-06-07 23:13:13,89.6,3.45,179.95,199.8,0
RM-005,2026-06-08 00:13:13,87.3,3.27,180.04,198.1,0
RM-005,2026-06-08 01:13:13,87.8,3.38,180.08,202.1,0
RM-005,2026-06-08 02:13:13,90.0,3.33,179.84,199.7,0
RM-005,2026-06-08 03:13:13,88.5,3.31,179.92,200.1,0
RM-005,2026-06-08 04:13:13,90.3,3.55,180.0,197.7,0
RM-005,2026-06-08 05:13:13,88.0,3.72,180.31,200.9,0
RM-005,2026-06-08 06:13:13,92.8,3.46,180.19,199.4,0
RM-005,2026-06-08 07:13:13,93.8,3.64,179.87,200.8,0
RM-005,2026-06-08 08:13:13,89.9,3.52,179.37,199.0,0
RM-005,2026-06-08 09:13:13,92.7,3.26,179.95,201.2,0
RM-005,2026-06-08 10:13:13,89.6,3.39,179.98,201.8,0
RM-005,2026-06-08 11:13:13,87.5,3.31,179.77,200.4,0
RM-005,2026-06-08 12:13:13,90.2,3.8,179.97,199.8,0
RM-005,2026-06-08 13:13:13,91.7,3.42,180.36,200.3,0
RM-005,2026-06-08 14:13:13,88.9,3.28,180.13,199.3,0
RM-005,2026-06-08 15:13:13,93.1,3.28,179.97,201.0,0
RM-005,2026-06-08 16:13:13,90.5,3.7,180.16,199.6,0
RM-005,2026-06-08 17:13:13,92.7,3.45,180.28,195.9,0
RM-005,2026-06-08 18:13:13,90.5,3.43,179.93,199.7,0
RM-005,2026-06-08 19:13:13,91.2,3.82,180.12,199.6,0
RM-005,2026-06-08 20:13:13,90.8,3.55,180.18,198.0,0
RM-005,2026-06-08 21:13:13,91.5,3.49,179.91,202.8,0
RM-005,2026-06-08 22:13:13,89.1,3.14,180.11,201.0,0
RM-005,2026-06-08 23:13:13,91.1,3.36,180.18,200.6,0
RM-005,2026-06-09 00:13:13,89.7,3.47,179.98,200.2,0
RM-005,2026-06-09 01:13:13,94.2,3.42,180.26,198.9,0
RM-005,2026-06-09 02:13:13,90.1,3.44,180.07,202.3,0
RM-005,2026-06-09 03:13:13,87.2,3.58,179.84,200.7,0
RM-005,2026-06-09 04:13:13,93.1,3.67,179.74,201.1,0
RM-005,2026-06-09 05:13:13,89.0,3.6,179.6,202.0,0
RM-005,2026-06-09 06:13:13,87.1,3.6,179.95,200.5,0
RM-005,2026-06-09 07:13:13,90.2,3.3,180.25,197.1,0
RM-005,2026-06-09 08:13:13,89.7,3.17,179.92,199.1,0
RM-005,2026-06-09 09:13:13,89.4,3.51,180.05,201.7,0
RM-005,2026-06-09 10:13:13,87.2,3.6,179.86,197.6,0
RM-005,2026-06-09 11:13:13,89.6,3.66,180.19,201.5,0
RM-005,2026-06-09 12:13:13,94.1,3.63,180.12,197.3,0
RM-005,2026-06-09 13:13:13,88.4,3.5,179.84,199.1,0
RM-005,2026-06-09 14:13:13,88.7,3.47,179.88,203.2,0
RM-005,2026-06-09 15:13:13,88.8,3.5,180.31,200.0,0
RM-005,2026-06-09 16:13:13,88.7,3.73,179.82,198.4,0
RM-005,2026-06-09 17:13:13,88.9,3.78,179.82,199.0,0
RM-005,2026-06-09 18:13:13,88.0,3.19,180.35,197.2,0
RM-005,2026-06-09 19:13:13,89.7,3.4,179.83,201.5,0
RM-005,2026-06-09 20:13:13,87.8,3.35,179.87,199.5,0
RM-005,2026-06-09 21:13:13,91.1,3.56,179.9,199.6,0
RM-005,2026-06-09 22:13:13,92.1,3.57,180.39,199.3,0
RM-005,2026-06-09 23:13:13,90.9,3.4,180.13,203.5,0
RM-005,2026-06-10 00:13:13,90.4,3.54,179.98,199.6,0
RM-005,2026-06-10 01:13:13,90.2,3.37,179.94,199.1,0
RM-005,2026-06-10 02:13:13,91.7,3.71,179.91,200.2,0
RM-005,2026-06-10 03:13:13,95.3,3.38,180.16,200.2,0
RM-005,2026-06-10 04:13:13,89.1,3.5,180.09,201.9,0
RM-005,2026-06-10 05:13:13,88.2,3.62,179.69,200.0,0
RM-005,2026-06-10 06:13:13,94.0,3.62,179.78,200.5,0
RM-005,2026-06-10 07:13:13,89.6,3.66,179.51,201.1,0
RM-005,2026-06-10 08:13:13,87.8,3.52,179.89,199.2,0
RM-005,2026-06-10 09:13:13,92.4,3.43,179.62,199.6,0
RM-005,2026-06-10 10:13:13,90.9,3.35,179.93,198.0,0
RM-005,2026-06-10 11:13:13,90.1,3.49,179.97,201.0,0
RM-005,2026-06-10 12:13:13,93.7,3.54,180.31,200.5,0
RM-005,2026-06-10 13:13:13,89.7,3.24,180.07,200.4,0
RM-005,2026-06-10 14:13:13,90.0,3.62,180.09,199.7,0
RM-005,2026-06-10 15:13:13,87.1,3.32,179.66,199.6,0
RM-005,2026-06-10 16:13:13,90.9,3.48,180.3,199.7,0
RM-005,2026-06-10 17:13:13,91.9,3.36,179.61,201.6,0
RM-005,2026-06-10 18:13:13,86.6,3.76,179.9,200.1,0
RM-005,2026-06-10 19:13:13,88.6,3.52,180.0,199.8,0
RM-005,2026-06-10 20:13:13,87.5,3.3,180.05,195.6,0
RM-005,2026-06-10 21:13:13,91.0,3.5,180.12,200.3,0
RM-005,2026-06-10 22:13:13,90.8,3.53,179.84,200.3,0
RM-005,2026-06-10 23:13:13,87.7,3.28,180.21,200.4,0
RM-005,2026-06-11 00:13:13,90.4,3.74,179.81,198.9,0
RM-005,2026-06-11 01:13:13,91.8,3.57,180.08,200.1,0
RM-005,2026-06-11 02:13:13,92.6,3.61,179.79,199.0,0
RM-005,2026-06-11 03:13:13,92.2,3.55,180.1,201.0,0
RM-005,2026-06-11 04:13:13,91.5,3.48,180.23,199.8,0
RM-005,2026-06-11 05:13:13,89.7,3.53,179.94,200.3,0
RM-005,2026-06-11 06:13:13,88.7,3.27,179.83,198.9,0
RM-005,2026-06-11 07:13:13,92.8,3.4,180.08,197.9,0
RM-005,2026-06-11 08:13:13,93.6,3.5,180.0,198.4,0
RM-005,2026-06-11 09:13:13,88.9,3.32,180.19,197.9,0
RM-005,2026-06-11 10:13:13,89.2,3.43,179.55,200.7,0
RM-005,2026-06-11 11:13:13,93.8,3.5,180.1,200.0,0
RM-005,2026-06-11 12:13:13,90.1,3.36,180.33,199.9,0
RM-005,2026-06-11 13:13:13,89.8,3.56,179.47,199.1,0
RM-005,2026-06-11 14:13:13,91.6,3.32,179.83,197.9,0
RM-005,2026-06-11 15:13:13,89.1,3.61,179.94,200.6,0
RM-005,2026-06-11 16:13:13,89.5,3.69,179.74,199.0,0
RM-005,2026-06-11 17:13:13,89.6,3.58,180.06,202.8,0
RM-005,2026-06-11 18:13:13,86.6,3.42,180.02,199.3,0
RM-005,2026-06-11 19:13:13,92.0,3.61,180.01,200.3,0
RM-005,2026-06-11 20:13:13,85.1,3.45,179.74,197.7,0
RM-005,2026-06-11 21:13:13,88.3,3.56,180.28,197.4,0
RM-005,2026-06-11 22:13:13,93.0,3.6,180.05,198.6,0
RM-005,2026-06-11 23:13:13,88.3,3.51,180.12,198.8,0
RM-005,2026-06-12 00:13:13,89.9,3.42,179.78,201.3,0
RM-005,2026-06-12 01:13:13,90.7,3.56,180.05,203.6,0
RM-005,2026-06-12 02:13:13,87.4,3.33,179.82,199.0,0
RM-005,2026-06-12 03:13:13,92.5,3.74,179.95,200.5,0
RM-005,2026-06-12 04:13:13,91.1,3.54,180.31,201.4,0
RM-005,2026-06-12 05:13:13,85.8,3.48,179.94,199.0,0
RM-005,2026-06-12 06:13:13,93.0,3.27,180.32,198.8,0
RM-005,2026-06-12 07:13:13,93.1,3.53,179.96,201.3,0
RM-005,2026-06-12 08:13:13,86.8,3.54,180.11,198.7,0
RM-005,2026-06-12 09:13:13,87.7,3.59,179.74,198.4,0
RM-005,2026-06-12 10:13:13,86.7,3.46,180.09,197.1,0
RM-005,2026-06-12 11:13:13,90.0,3.85,180.06,201.1,0
RM-005,2026-06-12 12:13:13,90.0,3.52,180.25,202.9,0
RM-005,2026-06-12 13:13:13,87.5,3.69,179.87,200.7,0
RM-005,2026-06-12 14:13:13,86.8,3.44,179.93,199.1,0
RM-005,2026-06-12 15:13:13,92.3,3.32,180.46,199.8,0
RM-005,2026-06-12 16:13:13,91.0,3.52,179.93,201.5,0
RM-005,2026-06-12 17:13:13,90.3,3.57,180.16,202.9,0
RM-005,2026-06-12 18:13:13,89.5,3.63,179.83,200.0,0
RM-005,2026-06-12 19:13:13,93.1,3.57,180.3,201.9,0
RM-005,2026-06-12 20:13:13,93.5,3.52,179.71,201.5,0
RM-005,2026-06-12 21:13:13,90.1,3.76,180.08,199.0,0
RM-005,2026-06-12 22:13:13,88.5,3.5,179.59,199.1,0
RM-005,2026-06-12 23:13:13,93.1,3.55,180.11,199.2,0
RM-005,2026-06-13 00:13:13,94.6,3.48,179.77,196.7,0
RM-005,2026-06-13 01:13:13,89.1,3.52,180.0,200.1,0
RM-005,2026-06-13 02:13:13,89.0,3.39,180.09,201.0,0
RM-005,2026-06-13 03:13:13,91.8,3.46,180.11,202.3,0
RM-005,2026-06-13 04:13:13,85.3,3.37,180.04,201.5,0
RM-005,2026-06-13 05:13:13,90.1,3.38,180.05,198.6,0
RM-005,2026-06-13 06:13:13,87.8,3.67,180.25,201.5,0
RM-005,2026-06-13 07:13:13,87.9,3.64,180.04,198.9,0
RM-005,2026-06-13 08:13:13,88.1,3.76,179.92,201.5,0
RM-005,2026-06-13 09:13:13,89.3,3.6,180.23,199.1,0
RM-005,2026-06-13 10:13:13,90.9,3.36,180.19,201.5,0
RM-005,2026-06-13 11:13:13,89.7,3.43,179.7,199.6,0
RM-005,2026-06-13 12:13:13,88.3,3.67,179.92,203.4,0
RM-005,2026-06-13 13:13:13,89.0,3.77,179.77,200.8,0
RM-005,2026-06-13 14:13:13,90.3,3.65,180.12,198.9,0
RM-005,2026-06-13 15:13:13,90.2,3.59,180.04,200.8,0
RM-005,2026-06-13 16:13:13,90.4,3.09,179.99,199.7,0
RM-005,2026-06-13 17:13:13,87.8,3.49,179.85,198.2,0
RM-005,2026-06-13 18:13:13,91.6,3.63,179.85,200.3,0
RM-005,2026-06-13 19:13:13,87.1,3.39,180.16,202.0,0
RM-005,2026-06-13 20:13:13,88.3,3.67,180.13,199.2,0
RM-005,2026-06-13 21:13:13,90.9,3.52,180.1,200.4,0
RM-005,2026-06-13 22:13:13,90.4,3.35,180.11,200.1,0
RM-005,2026-06-13 23:13:13,91.3,3.67,179.69,200.6,0
RM-005,2026-06-14 00:13:13,89.2,3.59,179.83,199.2,0
RM-005,2026-06-14 01:13:13,89.5,3.29,179.96,198.2,0
RM-005,2026-06-14 02:13:13,90.4,3.71,180.26,202.7,0
RM-005,2026-06-14 03:13:13,87.8,3.34,180.39,199.5,0
RM-005,2026-06-14 04:13:13,90.9,3.41,179.49,200.1,0
RM-005,2026-06-14 05:13:13,89.5,3.58,180.06,196.8,0
RM-005,2026-06-14 06:13:13,90.8,3.35,180.13,201.4,0
RM-005,2026-06-14 07:13:13,89.0,3.48,180.27,199.3,0
RM-005,2026-06-14 08:13:13,94.1,3.32,180.27,199.2,0
RM-005,2026-06-14 09:13:13,88.7,3.52,179.69,200.6,0
RM-005,2026-06-14 10:13:13,86.3,3.64,179.65,199.6,0
RM-005,2026-06-14 11:13:13,90.9,3.48,179.91,199.2,0
RM-005,2026-06-14 12:13:13,89.9,3.65,179.97,202.8,0
RM-005,2026-06-14 13:13:13,90.2,3.0,179.76,200.0,0
RM-005,2026-06-14 14:13:13,86.8,3.7,180.02,200.9,0
RM-005,2026-06-14 15:13:13,85.4,3.32,180.27,199.0,0
RM-005,2026-06-14 16:13:13,90.4,3.61,179.91,200.8,0
RM-005,2026-06-14 17:13:13,88.0,3.64,179.76,200.2,0
RM-005,2026-06-14 18:13:13,89.3,3.41,180.03,200.5,0
RM-005,2026-06-14 19:13:13,89.7,3.81,179.93,197.3,0
CM-007,2026-06-07 19:13:13,62.0,1.71,0.2,27.2,1467
CM-007,2026-06-07 20:13:13,61.6,1.79,0.43,25.4,1451
CM-007,2026-06-07 21:13:13,65.9,1.79,0.3,24.1,1459
CM-007,2026-06-07 22:13:13,67.1,2.01,0.06,22.4,1450
CM-007,2026-06-07 23:13:13,66.2,1.71,0.27,25.0,1454
CM-007,2026-06-08 00:13:13,65.8,1.71,0.1,24.3,1485
CM-007,2026-06-08 01:13:13,63.0,2.02,0.0,24.8,1462
CM-007,2026-06-08 02:13:13,65.9,2.11,0.23,25.0,1453
CM-007,2026-06-08 03:13:13,65.8,1.59,0.0,24.2,1457
CM-007,2026-06-08 04:13:13,66.8,1.9,0.0,25.7,1460
CM-007,2026-06-08 05:13:13,67.3,1.79,0.24,25.6,1481
CM-007,2026-06-08 06:13:13,68.2,2.02,0.0,24.8,1470
CM-007,2026-06-08 07:13:13,65.6,1.82,0.0,25.7,1466
CM-007,2026-06-08 08:13:13,68.2,1.84,0.23,25.6,1464
CM-007,2026-06-08 09:13:13,66.4,1.59,0.14,26.2,1470
CM-007,2026-06-08 10:13:13,65.4,1.77,0.0,24.6,1460
CM-007,2026-06-08 11:13:13,67.1,1.63,0.06,25.6,1456
CM-007,2026-06-08 12:13:13,67.1,1.57,0.0,25.2,1457
CM-007,2026-06-08 13:13:13,65.1,1.77,0.66,25.1,1463
CM-007,2026-06-08 14:13:13,64.9,1.79,0.2,25.9,1472
CM-007,2026-06-08 15:13:13,66.7,1.67,0.14,24.2,1455
CM-007,2026-06-08 16:13:13,63.9,1.91,0.07,27.2,1474
CM-007,2026-06-08 17:13:13,64.0,1.78,0.0,25.0,1470
CM-007,2026-06-08 18:13:13,65.7,1.88,0.0,20.7,1471
CM-007,2026-06-08 19:13:13,65.0,2.02,0.0,23.8,1451
CM-007,2026-06-08 20:13:13,67.8,1.83,0.0,26.0,1437
CM-007,2026-06-08 21:13:13,63.2,1.38,0.0,24.0,1441
CM-007,2026-06-08 22:13:13,63.0,1.78,0.03,25.4,1463
CM-007,2026-06-08 23:13:13,65.6,1.73,0.0,25.7,1463
CM-007,2026-06-09 00:13:13,68.8,1.56,0.0,23.6,1456
CM-007,2026-06-09 01:13:13,62.1,1.67,0.0,25.6,1460
CM-007,2026-06-09 02:13:13,64.4,1.86,0.11,26.2,1461
CM-007,2026-06-09 03:13:13,64.6,1.76,0.29,24.3,1443
CM-007,2026-06-09 04:13:13,70.7,1.82,0.34,26.9,1485
CM-007,2026-06-09 05:13:13,64.9,1.99,0.17,22.4,1465
CM-007,2026-06-09 06:13:13,65.0,1.86,0.0,22.3,1467
CM-007,2026-06-09 07:13:13,63.8,1.63,0.09,25.0,1449
CM-007,2026-06-09 08:13:13,65.1,1.56,0.0,24.9,1448
CM-007,2026-06-09 09:13:13,61.7,1.77,0.0,26.4,1486
CM-007,2026-06-09 10:13:13,69.1,1.95,0.0,25.3,1466
CM-007,2026-06-09 11:13:13,63.2,1.8,0.05,26.7,1458
CM-007,2026-06-09 12:13:13,64.9,1.77,0.2,23.6,1449
CM-007,2026-06-09 13:13:13,62.2,1.9,0.57,26.2,1468
CM-007,2026-06-09 14:13:13,67.0,1.98,0.0,23.3,1456
CM-007,2026-06-09 15:13:13,66.9,1.68,0.41,23.4,1465
CM-007,2026-06-09 16:13:13,64.6,1.75,0.0,24.8,1445
CM-007,2026-06-09 17:13:13,66.3,1.67,0.0,25.6,1460
CM-007,2026-06-09 18:13:13,68.0,1.74,0.0,24.3,1468
CM-007,2026-06-09 19:13:13,61.7,1.89,0.0,26.0,1484
CM-007,2026-06-09 20:13:13,67.1,1.79,0.0,26.2,1452
CM-007,2026-06-09 21:13:13,64.0,1.87,0.08,22.8,1451
CM-007,2026-06-09 22:13:13,62.5,1.67,0.0,27.1,1458
CM-007,2026-06-09 23:13:13,62.2,1.83,0.0,24.2,1458
CM-007,2026-06-10 00:13:13,66.3,1.98,0.77,24.9,1450
CM-007,2026-06-10 01:13:13,64.7,1.56,0.0,25.3,1458
CM-007,2026-06-10 02:13:13,64.7,1.72,0.29,23.6,1464
CM-007,2026-06-10 03:13:13,63.4,1.83,0.0,26.7,1464
CM-007,2026-06-10 04:13:13,66.5,1.63,0.07,25.6,1459
CM-007,2026-06-10 05:13:13,63.4,1.69,0.06,22.7,1440
CM-007,2026-06-10 06:13:13,67.6,1.8,0.0,23.1,1468
CM-007,2026-06-10 07:13:13,65.7,1.49,0.3,24.3,1473
CM-007,2026-06-10 08:13:13,65.6,2.06,0.13,23.9,1446
CM-007,2026-06-10 09:13:13,64.8,1.78,0.26,26.6,1458
CM-007,2026-06-10 10:13:13,65.4,1.74,0.0,26.9,1454
CM-007,2026-06-10 11:13:13,64.4,1.76,0.0,22.0,1462
CM-007,2026-06-10 12:13:13,66.4,1.65,0.0,25.5,1446
CM-007,2026-06-10 13:13:13,67.6,1.66,0.0,27.4,1457
CM-007,2026-06-10 14:13:13,66.5,1.85,0.17,24.7,1458
CM-007,2026-06-10 15:13:13,67.3,1.94,0.0,24.5,1459
CM-007,2026-06-10 16:13:13,63.6,1.85,0.05,23.4,1457
CM-007,2026-06-10 17:13:13,66.2,2.03,0.25,24.8,1451
CM-007,2026-06-10 18:13:13,64.9,1.94,0.02,29.0,1447
CM-007,2026-06-10 19:13:13,63.7,2.02,0.0,26.7,1449
CM-007,2026-06-10 20:13:13,64.0,2.08,0.0,26.8,1462
CM-007,2026-06-10 21:13:13,65.3,1.89,0.05,25.2,1465
CM-007,2026-06-10 22:13:13,62.8,1.74,0.0,24.7,1467
CM-007,2026-06-10 23:13:13,65.8,1.73,0.03,27.8,1462
CM-007,2026-06-11 00:13:13,67.0,1.92,0.0,24.3,1457
CM-007,2026-06-11 01:13:13,61.2,1.62,0.1,26.3,1458
CM-007,2026-06-11 02:13:13,62.5,1.76,0.0,23.5,1472
CM-007,2026-06-11 03:13:13,61.2,1.9,0.34,25.3,1461
CM-007,2026-06-11 04:13:13,70.0,1.74,0.02,24.1,1463
CM-007,2026-06-11 05:13:13,65.2,1.59,0.0,24.1,1449
CM-007,2026-06-11 06:13:13,64.2,1.67,0.0,25.5,1469
CM-007,2026-06-11 07:13:13,66.2,1.88,0.0,23.8,1456
CM-007,2026-06-11 08:13:13,61.8,1.82,0.0,26.7,1441
CM-007,2026-06-11 09:13:13,67.8,1.66,0.05,22.4,1451
CM-007,2026-06-11 10:13:13,61.5,2.04,0.11,26.4,1460
CM-007,2026-06-11 11:13:13,66.9,1.89,0.1,25.3,1450
CM-007,2026-06-11 12:13:13,65.1,1.65,0.0,24.1,1466
CM-007,2026-06-11 13:13:13,65.9,1.86,0.16,24.1,1451
CM-007,2026-06-11 14:13:13,67.1,1.78,0.04,26.8,1455
CM-007,2026-06-11 15:13:13,67.1,1.59,0.05,24.4,1454
CM-007,2026-06-11 16:13:13,67.2,1.78,0.0,29.7,1452
CM-007,2026-06-11 17:13:13,64.5,1.84,0.05,27.3,1483
CM-007,2026-06-11 18:13:13,66.6,1.51,0.0,24.8,1466
CM-007,2026-06-11 19:13:13,66.6,1.91,0.46,28.4,1456
CM-007,2026-06-11 20:13:13,61.4,1.84,0.09,25.2,1473
CM-007,2026-06-11 21:13:13,61.5,1.75,0.19,26.2,1455
CM-007,2026-06-11 22:13:13,64.2,2.01,0.39,26.7,1451
CM-007,2026-06-11 23:13:13,67.1,1.98,0.0,25.4,1446
CM-007,2026-06-12 00:13:13,68.1,1.61,0.0,24.2,1432
CM-007,2026-06-12 01:13:13,66.0,2.0,0.21,25.7,1470
CM-007,2026-06-12 02:13:13,68.6,1.64,0.06,27.9,1458
CM-007,2026-06-12 03:13:13,63.3,1.81,0.07,26.3,1462
CM-007,2026-06-12 04:13:13,62.8,2.11,0.21,23.0,1460
CM-007,2026-06-12 05:13:13,64.3,1.74,0.0,26.0,1448
CM-007,2026-06-12 06:13:13,64.9,1.77,0.29,24.8,1472
CM-007,2026-06-12 07:13:13,65.6,1.73,0.0,25.4,1461
CM-007,2026-06-12 08:13:13,64.1,1.9,0.0,26.0,1435
CM-007,2026-06-12 09:13:13,65.2,1.94,0.0,25.4,1457
CM-007,2026-06-12 10:13:13,60.1,1.67,0.1,23.5,1454
CM-007,2026-06-12 11:13:13,67.5,1.84,0.0,22.7,1450
CM-007,2026-06-12 12:13:13,61.3,1.49,0.22,25.8,1459
CM-007,2026-06-12 13:13:13,65.1,1.91,0.0,25.7,1451
CM-007,2026-06-12 14:13:13,65.4,1.96,0.02,24.0,1454
CM-007,2026-06-12 15:13:13,63.8,1.68,0.22,22.9,1431
CM-007,2026-06-12 16:13:13,65.4,1.74,0.0,30.1,1470
CM-007,2026-06-12 17:13:13,65.9,1.97,0.11,23.3,1466
CM-007,2026-06-12 18:13:13,64.4,1.61,0.0,21.8,1472
CM-007,2026-06-12 19:13:13,66.3,1.67,0.02,26.8,1464
CM-007,2026-06-12 20:13:13,65.9,1.92,0.0,24.2,1466
CM-007,2026-06-12 21:13:13,65.6,1.74,0.16,23.5,1469
CM-007,2026-06-12 22:13:13,67.1,2.08,0.0,24.0,1445
CM-007,2026-06-12 23:13:13,67.1,1.65,0.0,25.4,1461
CM-007,2026-06-13 00:13:13,66.0,1.78,0.0,24.6,1466
CM-007,2026-06-13 01:13:13,62.7,1.72,0.03,27.7,1475
CM-007,2026-06-13 02:13:13,65.3,1.88,0.13,23.4,1466
CM-007,2026-06-13 03:13:13,64.7,1.62,0.0,25.2,1465
CM-007,2026-06-13 04:13:13,63.5,1.72,0.0,24.8,1479
CM-007,2026-06-13 05:13:13,63.5,2.04,0.0,23.4,1448
CM-007,2026-06-13 06:13:13,63.0,1.69,0.0,25.6,1455
CM-007,2026-06-13 07:13:13,62.4,1.63,0.26,24.0,1458
CM-007,2026-06-13 08:13:13,66.2,1.54,0.08,22.3,1461
CM-007,2026-06-13 09:13:13,63.4,1.76,0.0,26.0,1465
CM-007,2026-06-13 10:13:13,61.8,1.7,0.0,25.6,1483
CM-007,2026-06-13 11:13:13,67.7,1.82,0.0,25.9,1467
CM-007,2026-06-13 12:13:13,64.2,1.94,0.44,26.3,1473
CM-007,2026-06-13 13:13:13,63.2,1.64,0.0,27.1,1459
CM-007,2026-06-13 14:13:13,59.3,1.63,0.03,25.8,1459
CM-007,2026-06-13 15:13:13,63.8,1.87,0.18,24.1,1463
CM-007,2026-06-13 16:13:13,61.7,1.95,0.0,24.5,1464
CM-007,2026-06-13 17:13:13,66.7,1.87,0.0,23.0,1474
CM-007,2026-06-13 18:13:13,62.9,1.64,0.0,25.1,1460
CM-007,2026-06-13 19:13:13,63.8,1.71,0.0,24.6,1461
CM-007,2026-06-13 20:13:13,65.7,1.71,0.05,22.9,1473
CM-007,2026-06-13 21:13:13,65.8,1.83,0.26,22.4,1468
CM-007,2026-06-13 22:13:13,66.5,1.93,0.0,23.8,1466
CM-007,2026-06-13 23:13:13,64.3,1.76,0.05,24.6,1468
CM-007,2026-06-14 00:13:13,66.2,1.77,0.3,23.7,1477
CM-007,2026-06-14 01:13:13,65.4,1.63,0.0,24.1,1447
CM-007,2026-06-14 02:13:13,68.4,1.74,0.0,27.5,1450
CM-007,2026-06-14 03:13:13,66.9,1.75,0.0,26.2,1453
CM-007,2026-06-14 04:13:13,60.6,1.5,0.37,23.7,1452
CM-007,2026-06-14 05:13:13,62.2,1.85,0.0,24.6,1454
CM-007,2026-06-14 06:13:13,66.9,1.95,0.0,24.1,1448
CM-007,2026-06-14 07:13:13,64.5,1.8,0.11,23.0,1474
CM-007,2026-06-14 08:13:13,64.9,1.99,0.0,25.6,1456
CM-007,2026-06-14 09:13:13,66.6,2.01,0.0,24.7,1471
CM-007,2026-06-14 10:13:13,61.0,2.05,0.0,27.9,1452
CM-007,2026-06-14 11:13:13,63.2,1.56,0.12,24.4,1471
CM-007,2026-06-14 12:13:13,62.2,1.93,0.36,24.2,1464
CM-007,2026-06-14 13:13:13,66.4,1.48,0.03,26.1,1460
CM-007,2026-06-14 14:13:13,65.0,1.78,0.0,26.4,1468
CM-007,2026-06-14 15:13:13,65.9,1.7,0.0,25.4,1465
CM-007,2026-06-14 16:13:13,64.1,1.83,0.0,26.3,1452
CM-007,2026-06-14 17:13:13,66.2,1.81,0.0,25.9,1461
CM-007,2026-06-14 18:13:13,66.7,1.76,0.0,28.9,1454
CM-007,2026-06-14 19:13:13,65.0,1.96,0.02,23.9,1459
